{
    "dual_bound": [
        null,
        null,
        null,
        null,
        -0.0,
        -0.0,
        -0.0,
        -0.0,
        -0.0,
        -0.0,
        -0.0,
        -0.0,
        -0.0
    ],
    "dual_burls_active": [
        0,
        0,
        0,
        0,
        2,
        2,
        2,
        2,
        2,
        2,
        2,
        2,
        0
    ],
    "dual_burls_allocated": [
        0,
        0,
        0,
        0,
        60,
        60,
        60,
        60,
        60,
        60,
        60,
        60,
        60
    ],
    "origin": [
        "fjump",
        "none",
        "none",
        "none",
        "none",
        "none",
        "none",
        "none",
        "none",
        "none",
        "none",
        "none",
        "none"
    ],
    "primal_bound": [
        0.0,
        0.0,
        0.0,
        0.0,
        0.0,
        0.0,
        0.0,
        0.0,
        0.0,
        0.0,
        0.0,
        0.0,
        0.0
    ],
    "primal_burls_active": [
        2,
        2,
        2,
        2,
        0,
        0,
        0,
        0,
        0,
        0,
        0,
        0,
        0
    ],
    "primal_burls_allocated": [
        2,
        2,
        2,
        2,
        4,
        4,
        4,
        4,
        4,
        4,
        4,
        4,
        4
    ],
    "timestamp": [
        0.054400616000000006,
        0.054409768000000004,
        0.054536157,
        0.054542434,
        0.055138213000000005,
        0.055661497000000004,
        0.055674107,
        0.055703986000000004,
        0.055785869,
        0.057012967000000005,
        0.058027793,
        0.05905314800000001,
        0.059967114
    ]
}