{
    "dual_bound": [
        null,
        null,
        null,
        null,
        -0.0,
        -0.0,
        -0.0,
        -0.0,
        -0.0,
        -0.0,
        -0.0,
        -0.0,
        -0.0
    ],
    "dual_burls_active": [
        0,
        0,
        0,
        0,
        1,
        1,
        1,
        1,
        1,
        1,
        1,
        1,
        0
    ],
    "dual_burls_allocated": [
        0,
        0,
        0,
        0,
        60,
        60,
        60,
        60,
        60,
        60,
        60,
        60,
        60
    ],
    "origin": [
        "fjump",
        "none",
        "none",
        "none",
        "none",
        "none",
        "none",
        "none",
        "none",
        "none",
        "none",
        "none",
        "none"
    ],
    "primal_bound": [
        0.0,
        0.0,
        0.0,
        0.0,
        0.0,
        0.0,
        0.0,
        0.0,
        0.0,
        0.0,
        0.0,
        0.0,
        0.0
    ],
    "primal_burls_active": [
        2,
        2,
        2,
        2,
        0,
        0,
        0,
        0,
        0,
        0,
        0,
        0,
        0
    ],
    "primal_burls_allocated": [
        2,
        2,
        2,
        2,
        4,
        4,
        4,
        4,
        4,
        4,
        4,
        4,
        4
    ],
    "timestamp": [
        0.17481469400000002,
        0.174825279,
        0.17495190500000002,
        0.17496054500000002,
        0.175556327,
        0.176860331,
        0.17687085600000002,
        0.17690444700000002,
        0.17699082000000002,
        0.17809892300000002,
        0.179111613,
        0.180111124,
        0.181137507
    ]
}