{
    "dual_bound": [
        null,
        null,
        null,
        0.0,
        0.0,
        0.0,
        0.0,
        0.0,
        0.0,
        0.0,
        0.0,
        0.0
    ],
    "dual_burls_active": [
        0,
        0,
        0,
        2,
        2,
        2,
        2,
        2,
        2,
        2,
        2,
        0
    ],
    "dual_burls_allocated": [
        0,
        60,
        60,
        60,
        60,
        60,
        60,
        60,
        60,
        60,
        60,
        60
    ],
    "origin": [
        "none",
        "fjump",
        "none",
        "none",
        "none",
        "none",
        "none",
        "none",
        "none",
        "none",
        "none",
        "none"
    ],
    "primal_bound": [
        null,
        0.0,
        0.0,
        0.0,
        0.0,
        0.0,
        0.0,
        0.0,
        0.0,
        0.0,
        0.0,
        0.0
    ],
    "primal_burls_active": [
        0,
        1,
        1,
        0,
        0,
        0,
        0,
        0,
        0,
        0,
        0,
        3
    ],
    "primal_burls_allocated": [
        0,
        4,
        4,
        4,
        4,
        4,
        4,
        4,
        4,
        4,
        4,
        4
    ],
    "timestamp": [
        0.056318282000000004,
        0.05666422,
        0.05667499300000001,
        0.057713516000000006,
        0.060198365000000004,
        0.060211702000000006,
        0.06025176,
        0.060337206000000004,
        0.06204335800000001,
        0.06373848800000001,
        0.065367232,
        0.06846977800000001
    ]
}