{
    "dual_bound": [
        null,
        null,
        null,
        0.0,
        0.0,
        0.0,
        0.0,
        0.0,
        0.0,
        0.0,
        0.0,
        0.0,
        null
    ],
    "dual_burls_active": [
        0,
        0,
        0,
        2,
        2,
        2,
        2,
        2,
        2,
        2,
        2,
        0,
        0
    ],
    "dual_burls_allocated": [
        0,
        0,
        0,
        60,
        60,
        60,
        60,
        60,
        60,
        60,
        60,
        60,
        0
    ],
    "origin": [
        "none",
        "none",
        "none",
        "none",
        "none",
        "none",
        "none",
        "none",
        "none",
        "none",
        "none",
        "none",
        "none"
    ],
    "primal_bound": [
        null,
        null,
        null,
        null,
        null,
        null,
        null,
        null,
        null,
        null,
        null,
        null,
        null
    ],
    "primal_burls_active": [
        0,
        0,
        0,
        1,
        1,
        1,
        1,
        1,
        1,
        1,
        1,
        4,
        0
    ],
    "primal_burls_allocated": [
        0,
        0,
        0,
        4,
        4,
        4,
        4,
        4,
        4,
        4,
        4,
        4,
        0
    ],
    "timestamp": [
        0.058266488000000005,
        0.058397432000000006,
        0.058407876000000004,
        0.059667659000000005,
        0.063412254,
        0.06343422600000001,
        0.063474739,
        0.063569859,
        0.097529029,
        0.16225198600000001,
        0.29895974000000003,
        1.2989651960000002,
        1.302581385
    ]
}